{"cameraMode":{"drawMode":0,"name":"Shaded","section":"Shading Mode"},"sceneLighting":true,"audioPlay":false,"sceneViewState":{"m_AlwaysRefresh":false,"showFog":true,"showSkybox":true,"showFlares":true,"showImageEffects":true,"showParticleSystems":true,"showVisualEffectGraphs":true,"m_FxEnabled":false},"in2DMode":false,"pivot":{"x":1.8693819046020508,"y":10.586007118225098,"z":-6.278515815734863},"rotation":{"x":-0.2378281056880951,"y":0.07654599100351334,"z":-0.018806450068950654,"w":-0.968080461025238},"size":0.8171679377555847,"orthographic":false}